,MSFT,MSFT_bid,MSFT_ask,MSFT_vol
2022-01-26,3.9,3.9,3.9,10005.0
2022-01-27,3.88,3.87,3.88,8673.0
2022-01-28,4.01,4.01,4.02,11700.0
2022-01-31,4.05,4.05,4.05,13273.0
2022-02-01,4.17,4.17,4.18,22010.0
2022-02-02,4.38,4.37,4.38,65148.0
2022-02-03,3.93,3.93,3.93,46551.0
2022-02-04,3.82,3.82,3.82,21938.0
2022-02-07,3.8,3.8,3.81,18355.0
2022-02-08,3.85,3.85,3.85,9973.0
2022-02-09,3.87,3.86,3.87,11876.0
2022-02-10,3.86,3.86,3.86,19734.0
2022-02-11,3.81,3.81,3.81,12138.0
2022-02-14,3.81,3.81,3.81,9026.0
2022-02-15,3.97,3.97,3.97,12020.0
2022-02-16,3.98,3.98,3.98,7642.0
2022-02-17,3.89,3.88,3.9,7300.0
2022-02-18,3.92,3.92,3.92,19317.0
2022-02-22,3.92,3.92,3.93,25119.0
2022-02-23,3.91,3.9,3.91,18125.0
2022-02-24,3.92,3.91,3.92,13894.0
2022-02-25,4.02,4.01,4.02,21723.0
2022-02-28,3.93,3.92,3.93,17298.0
2022-03-01,3.99,3.99,4.0,26577.0
2022-03-02,4.22,4.22,4.23,17625.0
2022-03-03,4.22,4.21,4.22,9355.0
2022-03-04,4.16,4.16,4.17,10256.0
2022-03-07,4.05,4.04,4.05,15396.0
2022-03-08,4.05,4.04,4.05,20398.0
2022-03-09,4.16,4.15,4.16,7873.0
2022-03-10,4.12,4.12,4.12,10953.0
2022-03-11,4.16,4.16,4.17,9754.0
2022-03-14,4.06,4.05,4.06,11930.0
2022-03-15,4.18,4.18,4.19,9689.0
2022-03-16,4.28,4.27,4.28,9447.0
2022-03-17,4.2,4.19,4.2,6229.0
2022-03-18,4.29,4.29,4.3,13238.0
2022-03-21,4.3,4.3,4.3,5393.0
2022-03-22,4.3,4.3,4.3,7475.0
2022-03-23,4.24,4.23,4.24,5115.0
2022-03-24,4.25,4.25,4.25,5154.0
2022-03-25,4.2,4.2,4.2,7706.0
2022-03-28,4.19,4.19,4.19,9485.0
2022-03-29,4.25,4.24,4.25,14371.0
2022-03-30,3.96,3.95,3.96,21954.0
2022-03-31,3.8,3.8,3.81,15212.0
2022-04-01,3.79,3.79,3.79,13076.0
2022-04-04,3.78,3.77,3.78,14711.0
2022-04-05,3.64,3.64,3.65,7794.0
2022-04-06,3.53,3.53,3.54,8868.0
2022-04-07,3.54,3.54,3.54,8997.0
2022-04-08,3.53,3.53,3.53,17423.0
2022-04-11,3.52,3.52,3.52,9787.0
2022-04-12,3.49,3.48,3.49,8003.0
2022-04-13,3.56,3.56,3.56,5192.0
2022-04-14,3.65,3.65,3.65,18950.0
2022-04-18,3.66,3.66,3.66,5809.0
2022-04-19,4.47,4.46,4.47,131354.0
2022-04-20,4.5,4.5,4.51,39956.0
2022-04-21,4.27,4.27,4.27,46358.0
2022-04-22,4.24,4.24,4.24,23358.0
2022-04-25,4.28,4.28,4.28,10139.0
2022-04-26,4.13,4.13,4.13,14439.0
2022-04-27,4.17,4.16,4.17,13612.0
2022-04-28,4.3,4.3,4.3,11842.0
2022-04-29,4.21,4.21,4.21,12414.0
2022-05-02,4.24,4.24,4.24,17706.0
2022-05-03,4.32,4.31,4.32,16603.0
2022-05-04,5.67,5.67,5.67,206677.0
2022-05-05,5.3,5.3,5.3,57597.0
2022-05-06,5.13,5.12,5.13,50178.0
2022-05-09,4.92,4.92,4.92,31327.0
2022-05-10,5.11,5.1,5.11,26256.0
2022-05-11,4.93,4.93,4.94,21871.0
2022-05-12,5.11,5.1,5.11,29538.0
2022-05-13,5.23,5.22,5.24,26666.0
2022-05-16,5.26,5.25,5.26,18069.0
2022-05-17,5.4,5.4,5.41,25528.0
2022-05-18,5.23,5.23,5.23,21703.0
2022-05-19,5.04,5.04,5.04,23365.0
2022-05-20,4.97,4.97,4.98,27698.0
2022-05-23,4.93,4.93,4.93,17020.0
2022-05-24,4.74,4.74,4.75,33277.0
2022-05-25,4.88,4.88,4.88,19545.0
2022-05-26,4.93,4.93,4.93,21339.0
2022-05-27,4.95,4.95,4.95,19081.0
2022-05-31,5.0,5.0,5.01,33904.0
2022-06-01,5.17,5.17,5.18,47391.0
2022-06-02,5.55,5.54,5.55,63014.0
2022-06-03,5.49,5.48,5.49,39449.0
2022-06-06,5.5,5.49,5.5,44501.0
2022-06-07,5.62,5.62,5.63,34229.0
2022-06-08,5.43,5.43,5.43,32020.0
2022-06-09,5.02,5.02,5.03,31781.0
2022-06-10,4.88,4.88,4.89,27772.0
2022-06-13,4.69,4.69,4.69,43713.0
2022-06-14,4.64,4.63,4.64,17524.0
2022-06-15,4.72,4.72,4.72,24492.0
2022-06-16,4.29,4.29,4.3,39493.0
2022-06-17,4.31,4.31,4.31,31423.0
2022-06-21,4.5,4.5,4.5,25553.0
2022-06-22,4.34,4.33,4.34,19273.0
2022-06-23,4.16,4.16,4.17,31804.0
2022-06-24,4.27,4.26,4.27,43266.0
2022-06-27,4.33,4.32,4.33,20007.0
2022-06-28,4.18,4.18,4.19,19133.0
2022-06-29,4.11,4.11,4.11,24411.0
2022-06-30,4.03,4.03,4.04,19081.0
2022-07-01,3.92,3.91,3.92,56179.0
2022-07-05,3.9,3.9,3.9,23029.0
2022-07-06,3.91,3.91,3.91,19728.0
2022-07-07,4.04,4.03,4.04,20453.0
2022-07-08,4.05,4.04,4.05,12667.0
2022-07-11,4.03,4.03,4.04,10195.0
2022-07-12,4.07,4.07,4.07,14385.0
2022-07-13,4.11,4.11,4.11,12693.0
2022-07-14,4.1,4.1,4.1,14485.0
2022-07-15,4.21,4.21,4.22,23253.0
2022-07-18,4.25,4.25,4.25,20902.0
2022-07-19,4.38,4.37,4.38,17775.0
2022-07-20,4.56,4.55,4.56,20865.0
2022-07-21,5.16,5.16,5.16,155434.0
2022-07-22,5.07,5.07,5.08,40768.0
2022-07-25,5.25,5.25,5.25,30182.0
2022-07-26,5.17,5.16,5.17,25622.0
2022-07-27,5.14,5.14,5.14,27093.0
2022-07-28,5.31,5.31,5.32,23938.0
2022-07-29,5.4,5.4,5.4,31382.0
2022-08-01,5.53,5.52,5.53,34323.0
2022-08-02,5.61,5.61,5.62,27753.0
2022-08-03,5.73,5.73,5.74,25415.0
2022-08-04,5.92,5.91,5.92,31819.0
2022-08-05,5.9,5.9,5.91,37779.0
2022-08-08,6.11,6.1,6.11,46539.0
2022-08-09,5.83,5.82,5.83,43357.0
2022-08-10,6.37,6.36,6.37,122495.0
2022-08-11,6.41,6.41,6.42,47499.0
2022-08-12,6.53,6.53,6.53,71766.0
2022-08-15,6.7,6.7,6.71,38613.0
2022-08-16,6.61,6.6,6.61,39794.0
2022-08-17,6.76,6.75,6.76,48949.0
2022-08-18,7.19,7.19,7.2,76444.0
2022-08-19,6.98,6.98,6.98,47704.0
2022-08-22,6.79,6.79,6.8,53150.0
2022-08-23,6.77,6.77,6.78,24351.0
2022-08-24,7.03,7.03,7.03,55005.0
2022-08-25,7.44,7.44,7.44,52992.0
2022-08-26,6.98,6.98,6.98,48364.0
2022-08-29,6.93,6.93,6.93,53007.0
2022-08-30,6.46,6.46,6.46,61375.0
2022-08-31,6.51,6.5,6.51,57502.0
2022-09-01,6.33,6.33,6.33,56475.0
2022-09-02,6.46,6.46,6.47,39079.0
2022-09-06,6.16,6.15,6.16,35950.0
2022-09-07,6.33,6.32,6.33,36454.0
2022-09-08,6.5,6.49,6.5,21275.0
2022-09-09,6.68,6.68,6.69,21117.0
2022-09-12,6.66,6.66,6.67,31878.0
2022-09-13,6.34,6.34,6.34,28528.0
2022-09-14,6.43,6.43,6.44,22578.0
2022-09-15,6.53,6.53,6.54,29661.0
2022-09-16,6.23,6.22,6.23,38940.0
2022-09-19,5.79,5.79,5.8,73857.0
2022-09-20,5.58,5.58,5.58,44619.0
2022-09-21,5.5,5.5,5.51,34151.0
2022-09-22,5.42,5.41,5.42,33077.0
2022-09-23,5.35,5.34,5.35,35535.0
2022-09-26,5.22,5.21,5.22,24264.0
2022-09-27,5.35,5.35,5.35,14653.0
2022-09-28,5.56,5.56,5.57,18632.0
2022-09-29,5.45,5.45,5.46,11382.0
2022-09-30,5.51,5.5,5.51,21907.0
2022-10-03,5.71,5.71,5.71,24018.0
2022-10-04,6.03,6.02,6.03,32928.0
2022-10-05,6.05,6.05,6.06,40985.0
2022-10-06,6.14,6.14,6.15,23495.0
2022-10-07,5.89,5.89,5.89,21686.0
2022-10-10,5.62,5.62,5.62,19910.0
2022-10-11,5.58,5.57,5.58,17772.0
2022-10-12,5.24,5.24,5.24,25200.0
2022-10-13,5.52,5.51,5.52,36503.0
2022-10-14,5.4,5.4,5.4,22455.0
2022-10-17,5.61,5.61,5.61,18159.0
2022-10-18,5.53,5.53,5.54,18262.0
2022-10-19,5.56,5.56,5.56,11366.0
2022-10-20,6.13,6.13,6.13,129990.0
2022-10-21,6.45,6.45,6.46,66801.0
2022-10-24,6.31,6.3,6.31,31484.0
2022-10-25,6.71,6.7,6.71,41554.0
2022-10-26,6.57,6.56,6.57,22855.0
2022-10-27,6.68,6.68,6.69,34974.0
2022-10-28,6.87,6.87,6.87,25200.0
2022-10-31,6.96,6.96,6.96,37231.0
2022-11-01,7.18,7.18,7.19,55284.0
2022-11-02,8.08,8.07,8.1,270283.0
2022-11-03,7.97,7.97,7.97,77393.0
2022-11-04,7.67,7.66,7.67,80529.0
2022-11-07,7.72,7.72,7.73,39304.0
2022-11-08,7.83,7.83,7.84,42102.0
2022-11-09,7.65,7.64,7.65,36820.0
2022-11-10,8.07,8.07,8.07,50312.0
2022-11-11,8.35,8.34,8.35,97874.0
2022-11-14,8.19,8.18,8.19,54593.0
2022-11-15,8.69,8.69,8.7,80013.0
2022-11-16,8.21,8.21,8.22,57778.0
2022-11-17,8.7,8.69,8.7,71245.0
2022-11-18,8.65,8.64,8.65,61577.0
2022-11-21,8.4,8.39,8.4,24866.0
2022-11-22,8.78,8.78,8.79,46971.0
2022-11-23,9.12,9.11,9.12,62514.0
2022-11-25,9.39,9.38,9.4,43288.0
2022-11-28,9.25,9.25,9.25,62604.0
2022-11-29,9.15,9.15,9.16,56808.0
2022-11-30,9.02,9.01,9.02,73256.0
2022-12-01,9.05,9.04,9.05,50897.0
2022-12-02,8.68,8.67,8.68,47726.0
2022-12-05,8.33,8.33,8.34,52561.0
2022-12-06,8.63,8.62,8.63,66803.0
2022-12-07,8.61,8.61,8.61,40628.0
2022-12-08,8.57,8.56,8.57,66333.0
2022-12-09,8.4,8.4,8.4,42570.0
2022-12-12,8.91,8.91,8.91,45125.0
2022-12-13,8.99,8.98,9.0,53099.0
2022-12-14,9.0,9.0,9.01,62672.0
2022-12-15,8.05,8.05,8.06,107168.0
2022-12-16,8.07,8.07,8.07,78249.0
2022-12-19,7.83,7.82,7.83,67667.0
2022-12-20,8.33,8.33,8.33,229391.0
2022-12-21,8.38,8.37,8.38,172359.0
2022-12-22,8.2,8.2,8.21,83460.0
2022-12-23,8.22,8.22,8.22,56263.0
2022-12-27,8.29,8.29,8.29,45352.0
2022-12-28,8.06,8.06,8.06,56870.0
2022-12-29,8.19,8.19,8.19,53964.0
2022-12-30,8.21,8.21,8.21,33365.0
2023-01-03,8.38,8.38,8.39,51839.0
2023-01-04,8.22,8.22,8.22,98064.0
2023-01-05,8.03,8.03,8.03,69445.0
2023-01-06,8.44,8.44,8.44,66770.0
2023-01-09,8.48,8.47,8.48,190466.0
2023-01-10,7.84,7.84,7.84,300428.0
2023-01-11,7.56,7.56,7.56,153344.0
2023-01-12,8.04,8.04,8.05,68303.0
2023-01-13,8.06,8.06,8.06,40561.0
2023-01-17,8.48,8.48,8.48,71460.0
2023-01-18,7.89,7.89,7.89,101582.0
2023-01-19,7.09,7.08,7.09,384026.0
2023-01-20,7.2,7.2,7.2,95581.0
2023-01-23,7.37,7.37,7.38,81258.0
2023-01-24,7.83,7.83,7.83,92016.0
2023-01-25,7.73,7.73,7.73,68466.0
2023-01-26,7.63,7.63,7.63,44827.0
2023-01-27,7.43,7.43,7.43,56048.0
2023-01-30,7.21,7.21,7.21,74939.0
2023-01-31,7.24,7.23,7.24,81581.0
2023-02-01,7.98,7.97,7.98,237953.0
2023-02-02,8.19,8.18,8.19,97344.0
2023-02-03,8.43,8.43,8.43,90493.0
2023-02-06,8.32,8.32,8.32,54417.0
2023-02-07,8.2,8.2,8.2,55755.0
2023-02-08,8.52,8.52,8.52,128241.0
2023-02-09,8.7,8.7,8.7,186999.0
2023-02-10,9.0,9.0,9.0,98153.0
2023-02-13,9.05,9.05,9.06,75730.0
2023-02-14,9.28,9.28,9.29,111865.0
2023-02-15,9.3,9.3,9.3,74460.0
2023-02-16,9.59,9.58,9.59,116486.0
2023-02-17,9.2,9.2,9.2,94326.0
2023-02-21,8.81,8.8,8.81,68246.0
2023-02-22,8.67,8.67,8.67,57748.0
2023-02-23,9.43,9.43,9.43,124071.0
2023-02-24,9.81,9.81,9.82,130801.0
2023-02-27,10.11,10.11,10.11,134563.0
2023-02-28,9.8,9.79,9.8,104288.0
2023-03-01,10.2,10.2,10.2,69258.0
2023-03-02,9.84,9.83,9.84,92022.0
2023-03-03,9.79,9.78,9.8,67293.0
2023-03-06,9.83,9.83,9.83,52565.0
2023-03-07,9.85,9.85,9.86,67881.0
2023-03-08,10.24,10.23,10.24,103217.0
2023-03-09,9.85,9.85,9.86,77311.0
2023-03-10,9.27,9.27,9.28,124102.0
2023-03-13,8.92,8.92,8.93,79817.0
2023-03-14,9.25,9.25,9.25,65773.0
2023-03-15,9.18,9.17,9.18,77543.0
2023-03-16,9.72,9.72,9.73,95393.0
2023-03-17,9.55,9.55,9.55,91231.0
2023-03-20,9.87,9.87,9.87,91934.0
2023-03-21,10.83,10.82,10.83,138476.0
2023-03-22,11.25,11.24,11.26,161500.0
2023-03-23,11.38,11.37,11.4,132995.0
2023-03-24,11.08,11.07,11.08,116622.0
2023-03-27,11.09,11.08,11.09,112249.0
2023-03-28,10.28,10.28,10.29,139142.0
2023-03-29,10.57,10.57,10.57,88535.0
2023-03-30,10.33,10.33,10.33,81506.0
2023-03-31,10.66,10.65,10.66,71664.0
2023-04-03,11.27,11.27,11.28,124484.0
2023-04-04,10.94,10.94,10.95,112618.0
2023-04-05,10.8,10.8,10.8,43380.0
2023-04-06,10.07,10.07,10.07,246406.0
2023-04-10,10.66,10.65,10.66,79789.0
2023-04-11,10.47,10.47,10.47,59737.0
2023-04-12,10.81,10.8,10.81,96879.0
2023-04-13,10.83,10.82,10.83,77534.0
2023-04-14,10.92,10.91,10.92,58680.0
2023-04-17,11.05,11.04,11.05,47113.0
2023-04-18,11.59,11.58,11.59,96157.0
2023-04-19,10.99,10.97,11.0,95771.0
2023-04-20,10.8,10.8,10.8,71838.0
2023-04-21,10.73,10.73,10.73,69746.0
2023-04-24,9.85,9.84,9.86,302950.0
2023-04-25,9.33,9.32,9.33,151902.0
2023-04-26,9.49,9.49,9.49,88792.0
2023-04-27,9.86,9.86,9.87,60284.0
2023-04-28,10.54,10.54,10.54,94982.0
2023-05-01,10.51,10.51,10.51,97904.0
2023-05-02,10.44,10.43,10.44,122979.0
2023-05-03,13.39,13.38,13.4,616277.0
2023-05-04,13.63,13.63,13.64,135905.0
2023-05-05,13.72,13.72,13.72,158143.0
2023-05-08,13.67,13.66,13.67,95422.0
2023-05-09,13.22,13.22,13.23,97193.0
2023-05-10,13.43,13.43,13.43,63323.0
2023-05-11,13.65,13.64,13.65,69235.0
2023-05-12,13.46,13.45,13.46,46782.0
2023-05-15,13.79,13.78,13.79,60147.0
2023-05-16,14.58,14.58,14.58,150286.0
2023-05-17,15.43,15.42,15.43,184624.0
2023-05-18,16.45,16.45,16.46,226312.0
2023-05-19,16.41,16.41,16.42,189817.0
2023-05-22,16.49,16.48,16.49,114472.0
2023-05-23,16.19,16.19,16.19,91305.0
2023-05-24,16.76,16.76,16.76,96620.0
2023-05-25,20.69,20.68,20.69,506316.0
2023-05-26,21.92,21.91,21.92,353986.0
2023-05-30,23.41,23.4,23.41,339909.0
2023-05-31,22.39,22.38,22.39,274404.0
2023-06-01,23.11,23.11,23.11,191313.0
2023-06-02,22.19,22.18,22.2,170052.0
2023-06-05,22.36,22.35,22.37,125311.0
2023-06-06,23.31,23.3,23.32,131011.0
2023-06-07,23.98,23.97,23.99,300153.0
2023-06-08,25.45,25.44,25.46,219329.0
2023-06-09,26.16,26.15,26.16,228663.0
2023-06-12,25.86,25.86,25.86,222292.0
2023-06-13,24.43,24.42,24.43,321686.0
2023-06-14,24.78,24.78,24.78,174256.0
2023-06-15,24.39,24.38,24.41,124667.0
2023-06-16,23.08,23.08,23.08,163140.0
2023-06-20,22.23,22.23,22.24,212689.0
2023-06-21,21.99,21.99,21.99,157823.0
2023-06-22,22.64,22.64,22.65,257775.0
2023-06-23,21.6,21.59,21.6,145793.0
2023-06-26,21.66,21.65,21.66,193097.0
2023-06-27,22.62,22.62,22.63,161661.0
2023-06-28,23.59,23.59,23.59,171591.0
2023-06-29,23.59,23.58,23.59,172966.0
2023-06-30,24.92,24.91,24.93,167553.0
2023-07-03,24.93,24.92,24.94,108914.0
2023-07-05,25.51,25.5,25.51,132278.0
2023-07-06,25.04,25.04,25.05,105936.0
2023-07-07,26.01,26.0,26.02,185376.0
2023-07-10,27.0,26.99,27.01,162267.0
2023-07-11,27.09,27.09,27.1,199330.0
2023-07-12,27.67,27.66,27.67,178303.0
2023-07-13,29.4,29.4,29.41,188915.0
2023-07-14,29.54,29.54,29.55,256394.0
2023-07-17,30.21,30.2,30.21,155249.0
2023-07-18,31.82,31.8,31.84,172165.0
2023-07-19,30.35,30.34,30.36,291353.0
2023-07-20,30.31,30.3,30.31,323322.0
2023-07-21,30.32,30.31,30.33,257974.0
2023-07-24,30.94,30.94,30.95,195340.0
2023-07-25,32.12,32.11,32.14,158540.0
2023-07-26,31.73,31.73,31.74,151663.0
2023-07-27,32.74,32.73,32.75,213775.0
2023-07-28,33.44,33.44,33.45,127162.0
2023-07-31,33.02,33.01,33.03,142723.0
2023-08-01,33.74,33.73,33.76,128108.0
2023-08-02,31.96,31.95,31.96,172772.0
2023-08-03,32.13,32.12,32.14,89487.0
2023-08-04,33.81,33.8,33.82,230307.0
2023-08-07,35.32,35.31,35.33,205762.0
2023-08-08,34.72,34.69,34.75,231613.0
2023-08-09,26.62,26.61,26.62,753324.0
2023-08-10,27.71,27.71,27.71,403257.0
2023-08-11,25.44,25.43,25.45,399393.0
2023-08-14,26.95,26.95,26.95,345102.0
2023-08-15,26.41,26.4,26.42,153050.0
2023-08-16,25.36,25.35,25.37,157016.0
2023-08-17,24.42,24.41,24.43,162130.0
2023-08-18,24.37,24.36,24.39,175267.0
2023-08-21,25.26,25.26,25.26,169403.0
2023-08-22,25.8,25.8,25.81,189931.0
2023-08-23,27.78,27.76,27.8,264066.0
2023-08-24,26.25,26.24,26.27,387427.0
2023-08-25,25.4,25.39,25.4,277953.0
2023-08-28,25.53,25.52,25.54,127947.0
2023-08-29,26.16,26.15,26.17,245597.0
2023-08-30,26.81,26.79,26.82,256165.0
2023-08-31,27.5,27.48,27.51,303871.0
2023-09-01,28.21,28.19,28.22,259246.0
2023-09-05,28.0,28.0,28.0,232895.0
2023-09-06,27.41,27.4,27.41,169036.0
2023-09-07,26.73,26.72,26.75,197545.0
2023-09-08,28.07,28.07,28.07,184706.0
2023-09-11,27.73,27.72,27.74,194340.0
2023-09-12,26.76,26.76,26.77,133785.0
2023-09-13,27.11,27.1,27.12,132707.0
2023-09-14,27.07,27.05,27.08,106328.0
2023-09-15,24.94,24.93,24.95,243324.0
2023-09-18,24.43,24.43,24.44,165423.0
2023-09-19,24.79,24.77,24.8,119582.0
2023-09-20,24.31,24.3,24.32,98700.0
2023-09-21,23.16,23.15,23.16,169189.0
2023-09-22,23.58,23.57,23.59,94157.0
2023-09-25,24.9,24.9,24.91,170022.0
2023-09-26,24.91,24.9,24.92,128509.0
2023-09-27,25.76,25.75,25.77,193403.0
2023-09-28,26.92,26.9,26.94,180193.0
2023-09-29,27.41,27.39,27.42,222057.0
2023-10-02,28.87,28.86,28.89,237967.0
2023-10-03,27.01,27.0,27.02,255859.0
2023-10-04,28.03,28.02,28.04,215174.0
2023-10-05,28.75,28.74,28.76,183054.0
2023-10-06,28.96,28.96,28.97,174293.0
2023-10-09,28.99,28.99,29.0,169824.0
2023-10-10,31.03,31.02,31.04,352476.0
2023-10-11,30.88,30.86,30.89,249310.0
2023-10-12,29.32,29.31,29.33,267747.0
2023-10-13,28.52,28.51,28.53,255621.0
2023-10-16,29.17,29.16,29.17,156742.0
2023-10-17,29.86,29.85,29.87,293418.0
2023-10-18,28.51,28.5,28.52,215820.0
2023-10-19,26.51,26.5,26.52,271854.0
2023-10-20,24.86,24.86,24.87,234312.0
2023-10-23,25.47,25.45,25.49,194005.0
2023-10-24,26.26,26.25,26.27,163460.0
2023-10-25,25.41,25.4,25.41,141944.0
2023-10-26,23.95,23.95,23.95,194181.0
2023-10-27,24.15,24.14,24.17,108711.0
2023-10-30,23.66,23.65,23.68,165062.0
2023-10-31,23.94,23.93,23.95,121273.0
2023-11-01,25.22,25.21,25.23,208827.0
2023-11-02,24.61,24.61,24.62,505197.0
2023-11-03,25.49,25.49,25.5,349718.0
2023-11-06,25.26,25.26,25.27,165804.0
2023-11-07,25.43,25.41,25.44,119203.0
2023-11-08,26.03,26.03,26.04,141289.0
2023-11-09,26.49,26.49,26.5,270826.0
2023-11-10,26.6,26.58,26.61,169237.0
2023-11-13,25.58,25.57,25.59,194849.0
2023-11-14,29.38,29.38,29.39,399964.0
2023-11-15,28.77,28.76,28.78,217378.0
2023-11-16,28.37,28.37,28.38,116216.0
2023-11-17,28.85,28.84,28.86,152222.0
2023-11-20,30.47,30.46,30.49,174146.0
2023-11-21,28.98,28.97,28.99,175948.0
2023-11-22,28.66,28.65,28.68,242327.0
2023-11-24,28.58,28.57,28.6,54199.0
2023-11-27,29.04,29.03,29.05,148533.0
2023-11-28,28.57,28.56,28.58,138266.0
2023-11-29,28.77,28.76,28.79,223886.0
2023-11-30,27.34,27.32,27.35,193657.0
2023-12-01,26.97,26.96,26.97,244007.0
2023-12-04,26.63,26.61,26.64,173441.0
2023-12-05,26.3,26.3,26.3,165059.0
2023-12-06,25.35,25.34,25.36,179854.0
2023-12-07,25.62,25.61,25.62,149490.0
2023-12-08,27.27,27.26,27.28,193819.0
2023-12-11,26.23,26.22,26.24,183609.0
2023-12-12,26.52,26.51,26.54,131851.0
2023-12-13,27.33,27.32,27.33,157698.0
2023-12-14,29.44,29.44,29.44,270608.0
2023-12-15,29.99,29.97,30.01,195057.0
2023-12-18,32.2,32.18,32.21,358775.0
2023-12-19,31.6,31.59,31.61,232309.0
2023-12-20,30.18,30.18,30.18,195247.0
2023-12-21,30.43,30.42,30.43,151086.0
2023-12-22,28.98,28.98,28.99,292773.0
2023-12-26,29.44,29.43,29.45,136810.0
2023-12-27,29.51,29.5,29.52,87809.0
2023-12-28,29.15,29.14,29.17,76459.0
2023-12-29,28.44,28.43,28.45,119603.0
2024-01-02,28.54,28.54,28.55,108820.0
2024-01-03,28.08,28.06,28.09,91376.0
2024-01-04,28.9,28.88,28.91,141605.0
2024-01-05,29.21,29.2,29.23,147259.0
2024-01-08,32.03,32.03,32.03,276659.0
2024-01-09,34.37,34.36,34.37,472221.0
2024-01-10,34.23,34.21,34.24,351263.0
2024-01-11,34.31,34.29,34.33,227066.0
2024-01-12,33.95,33.94,33.96,148069.0
2024-01-16,32.63,32.63,32.63,307017.0
2024-01-17,31.83,31.82,31.83,226393.0
2024-01-18,31.15,31.14,31.16,241638.0
2024-01-19,42.36,42.33,42.38,1637468.0
2024-01-22,43.62,43.59,43.65,1286929.0
2024-01-23,45.72,45.7,45.74,642143.0
2024-01-24,47.01,47.0,47.02,852572.0
2024-01-25,47.55,47.55,47.56,461868.0
2024-01-26,47.4,47.39,47.42,332235.0
2024-01-29,49.56,49.54,49.57,613145.0
2024-01-30,51.31,51.27,51.35,1178980.0
2024-01-31,52.9,52.87,52.93,839722.0
2024-02-01,58.34,58.33,58.35,914782.0
2024-02-02,57.93,57.91,57.94,823636.0
2024-02-05,66.4,66.37,66.43,1179372.0
2024-02-06,68.12,68.08,68.16,1192556.0
2024-02-07,68.33,68.31,68.35,830210.0
2024-02-08,69.78,69.77,69.8,638726.0
2024-02-09,74.05,74.03,74.06,719432.0
2024-02-12,77.32,77.3,77.33,1084636.0
2024-02-13,79.17,79.15,79.2,943701.0
2024-02-14,88.06,88.05,88.07,1267751.0
2024-02-15,100.42,100.42,100.43,1474084.0
2024-02-16,80.31,80.28,80.33,2003046.0
2024-02-20,78.8,78.76,78.84,1609585.0
2024-02-21,73.36,73.3,73.42,757746.0
2024-02-22,97.55,97.55,97.55,1394705.0
2024-02-23,85.98,85.97,85.99,1093841.0
2024-02-26,87.55,87.49,87.6,568160.0
2024-02-27,85.11,85.07,85.15,405514.0
2024-02-28,81.66,81.65,81.67,335582.0
2024-02-29,86.52,86.45,86.59,515076.0
2024-03-01,90.55,90.5,90.6,550024.0
2024-03-04,107.49,107.43,107.55,1083903.0
2024-03-05,109.16,109.08,109.23,749028.0
2024-03-06,112.51,112.42,112.6,647331.0
2024-03-07,115.99,115.98,116.01,467692.0
2024-03-08,113.98,113.96,114.0,632943.0
2024-03-11,107.99,107.95,108.02,386664.0
2024-03-12,116.28,116.26,116.3,350227.0
2024-03-13,118.77,118.71,118.82,293104.0
2024-03-14,113.14,113.07,113.2,322948.0
2024-03-15,106.74,106.7,106.79,353335.0
2024-03-18,100.01,99.97,100.06,606025.0
2024-03-19,91.05,91.04,91.07,525848.0
2024-03-20,89.62,89.6,89.65,374227.0
2024-03-21,97.19,97.16,97.21,442188.0
2024-03-22,97.19,97.19,97.2,262730.0
2024-03-25,104.3,104.3,104.31,382645.0
2024-03-26,102.54,102.51,102.58,343721.0
2024-03-27,102.38,102.32,102.43,291911.0
2024-03-28,100.99,100.97,101.0,183831.0
2024-04-01,103.75,103.71,103.79,310552.0
2024-04-02,100.99,100.98,100.99,232517.0
2024-04-03,101.6,101.55,101.64,366966.0
2024-04-04,95.78,95.75,95.8,341177.0
2024-04-05,94.84,94.77,94.9,306541.0
2024-04-08,92.91,92.9,92.93,231590.0
2024-04-09,90.46,90.42,90.49,222455.0
2024-04-10,90.82,90.8,90.85,215056.0
2024-04-11,93.7,93.68,93.72,196707.0
2024-04-12,89.9,89.87,89.94,177026.0
2024-04-15,88.31,88.29,88.34,227701.0
2024-04-16,97.56,97.53,97.6,398844.0
2024-04-17,95.98,95.96,96.0,398256.0
2024-04-18,92.86,92.85,92.88,230447.0
2024-04-19,71.41,71.36,71.45,935757.0
2024-04-22,71.74,71.7,71.77,500883.0
2024-04-23,76.2,76.13,76.26,485682.0
2024-04-24,75.52,75.47,75.57,376250.0
2024-04-25,78.78,78.77,78.79,271838.0
2024-04-26,85.76,85.74,85.79,409600.0
2024-04-29,89.06,89.03,89.09,333462.0
2024-04-30,85.94,85.87,86.0,325407.0
2024-05-01,73.82,73.76,73.87,735063.0
2024-05-02,76.2,76.15,76.25,356283.0
2024-05-03,78.27,78.23,78.3,281433.0
2024-05-06,83.06,83.04,83.09,325975.0
2024-05-07,81.93,81.91,81.94,252968.0
2024-05-08,82.3,82.26,82.33,209756.0
2024-05-09,80.0,79.97,80.03,216173.0
2024-05-10,79.83,79.81,79.85,210253.0
2024-05-13,78.28,78.27,78.3,154022.0
2024-05-14,82.26,82.23,82.28,276398.0
2024-05-15,95.21,95.17,95.24,542635.0
2024-05-16,90.44,90.44,90.44,392682.0
2024-05-17,88.81,88.8,88.83,286263.0
2024-05-20,90.4,90.35,90.44,324954.0
2024-05-21,89.85,89.81,89.9,381804.0
2024-05-22,87.36,87.34,87.37,292997.0
2024-05-23,84.75,84.75,84.75,677840.0
2024-05-24,88.42,88.39,88.45,414532.0
2024-05-28,87.52,87.52,87.53,379490.0
2024-05-29,84.0,83.98,84.02,272165.0
2024-05-30,82.83,82.79,82.87,282431.0
2024-05-31,78.51,78.49,78.53,389559.0
2024-06-03,77.06,77.03,77.09,360385.0
2024-06-04,77.17,77.15,77.2,243127.0
2024-06-05,80.28,80.25,80.3,362445.0
2024-06-06,77.82,77.79,77.85,292117.0
2024-06-07,76.97,76.93,77.0,194830.0
2024-06-10,78.72,78.68,78.77,306350.0
2024-06-11,76.8,76.76,76.85,176693.0
2024-06-12,77.44,77.4,77.47,236689.0
2024-06-13,87.13,87.11,87.14,679142.0
2024-06-14,84.49,84.45,84.53,360918.0
2024-06-17,88.75,88.73,88.78,548161.0
2024-06-18,92.01,91.99,92.03,529352.0
2024-06-20,91.76,91.72,91.8,782506.0
2024-06-21,90.49,90.45,90.53,434929.0
2024-06-24,82.66,82.63,82.7,471418.0
2024-06-25,84.33,84.29,84.37,281477.0
2024-06-26,83.07,83.03,83.12,276463.0
2024-06-27,89.04,89.03,89.04,441865.0
2024-06-28,81.65,81.62,81.69,561504.0
2024-07-01,81.21,81.18,81.24,422683.0
2024-07-02,83.73,83.72,83.74,349493.0
2024-07-03,84.62,84.6,84.63,197101.0
2024-07-05,84.63,84.6,84.66,303945.0
2024-07-08,89.96,89.93,89.99,609323.0
2024-07-09,89.58,89.55,89.61,402003.0
2024-07-10,89.98,89.95,90.0,283683.0
2024-07-11,88.89,88.85,88.93,345468.0
2024-07-12,90.98,90.96,91.0,304588.0
2024-07-15,89.79,89.77,89.82,492734.0
2024-07-16,87.68,87.65,87.7,249707.0
2024-07-17,81.67,81.64,81.69,291693.0
2024-07-18,80.13,80.08,80.19,339927.0
2024-07-19,79.7,79.7,79.7,280123.0
2024-07-22,78.61,78.56,78.66,282332.0
2024-07-23,78.34,78.33,78.35,242874.0
2024-07-24,71.19,71.17,71.21,355531.0
2024-07-25,69.59,69.57,69.62,407548.0
2024-07-26,71.24,71.22,71.26,246751.0
2024-07-29,69.76,69.75,69.76,227721.0
2024-07-30,66.61,66.59,66.63,268190.0
2024-07-31,70.13,70.1,70.17,256773.0
2024-08-01,67.26,67.23,67.3,277325.0
2024-08-02,62.48,62.46,62.5,425065.0
2024-08-05,60.94,60.88,61.0,413522.0
2024-08-06,61.67,61.65,61.68,411601.0
2024-08-07,49.24,49.2,49.27,992379.0
2024-08-08,50.94,50.92,50.97,721522.0
2024-08-09,50.84,50.81,50.88,346940.0
2024-08-12,54.12,54.09,54.15,590058.0
2024-08-13,56.73,56.71,56.75,488335.0
2024-08-14,57.69,57.66,57.71,410642.0
2024-08-15,62.68,62.67,62.7,588053.0
2024-08-16,62.85,62.83,62.88,459189.0
2024-08-19,62.37,62.35,62.38,429149.0
2024-08-20,61.09,61.08,61.09,363669.0
2024-08-21,62.37,62.35,62.39,383250.0
2024-08-22,60.51,60.49,60.54,409885.0
2024-08-23,61.31,61.3,61.32,338669.0
2024-08-26,56.26,56.25,56.28,552038.0
2024-08-27,54.75,54.74,54.77,658310.0
2024-08-28,44.27,44.26,44.27,2147739.0
2024-08-29,44.87,44.85,44.88,787856.0
2024-08-30,43.76,43.75,43.77,646258.0
2024-09-03,44.19,44.17,44.2,583087.0
2024-09-04,42.33,42.32,42.35,433777.0
2024-09-05,41.44,41.42,41.46,376815.0
2024-09-06,38.64,38.63,38.65,544736.0
2024-09-09,40.98,40.96,40.99,533519.0
2024-09-10,41.26,41.25,41.27,318099.0
2024-09-11,44.52,44.51,44.54,465381.0
2024-09-12,44.22,44.21,44.23,318435.0
2024-09-13,45.72,45.71,45.73,454214.0
2024-09-16,44.9,44.89,44.91,280227.0
2024-09-17,43.94,43.93,43.95,213921.0
2024-09-18,43.69,43.67,43.7,366163.0
2024-09-19,43.72,43.71,43.73,295053.0
2024-09-20,45.74,45.73,45.76,407380.0
2024-09-23,46.58,46.56,46.6,443387.0
2024-09-24,46.35,46.33,46.38,346890.0
2024-09-25,45.82,45.82,45.83,315408.0
2024-09-26,40.24,40.24,40.24,1390997.0
2024-09-27,41.97,41.96,41.97,686513.0
2024-09-30,41.65,41.64,41.66,418343.0
2024-10-01,40.57,40.56,40.58,235389.0
2024-10-02,42.0,41.99,42.0,166638.0
2024-10-03,41.54,41.53,41.55,247517.0
2024-10-04,41.23,41.23,41.24,256431.0
2024-10-07,47.75,47.73,47.76,892662.0
2024-10-08,45.33,45.31,45.34,825173.0
2024-10-09,47.26,47.24,47.28,541164.0
2024-10-10,46.47,46.46,46.47,336160.0
2024-10-11,47.79,47.78,47.8,290088.0
2024-10-14,47.41,47.4,47.41,353717.0
2024-10-15,47.78,47.75,47.8,312568.0
2024-10-16,48.76,48.75,48.77,423362.0
2024-10-17,47.59,47.58,47.59,380899.0
2024-10-18,47.27,47.26,47.28,265050.0
2024-10-21,47.83,47.82,47.83,305225.0
2024-10-22,45.98,45.97,45.98,338756.0
2024-10-23,45.38,45.37,45.38,183101.0
2024-10-24,46.22,46.21,46.23,180046.0
2024-10-25,47.29,47.27,47.3,271572.0
2024-10-28,47.72,47.71,47.72,218229.0
2024-10-29,49.13,49.11,49.14,271498.0
2024-10-30,33.06,33.05,33.06,1867322.0
2024-10-31,29.12,29.11,29.12,1066880.0
2024-11-01,26.04,26.03,26.04,863054.0
2024-11-04,26.01,26.0,26.01,774759.0
2024-11-05,27.68,27.67,27.68,665844.0
2024-11-06,22.69,22.68,22.69,995849.0
2024-11-07,25.47,25.46,25.47,749743.0
2024-11-08,24.54,24.53,24.54,468682.0
2024-11-11,23.21,23.2,23.21,577054.0
2024-11-12,21.7,21.69,21.7,333836.0
2024-11-13,20.33,20.32,20.33,411761.0
2024-11-14,18.02,18.02,18.03,771694.0
2024-11-15,18.57,18.56,18.57,524785.0
2024-11-18,21.52,21.51,21.52,1339477.0
2024-11-19,28.29,28.28,28.3,1794953.0
2024-11-20,25.8,25.79,25.8,794839.0
2024-11-21,29.7,29.69,29.7,970261.0
2024-11-22,33.16,33.15,33.16,1298411.0
2024-11-25,38.42,38.41,38.43,1358166.0
2024-11-26,34.4,34.39,34.41,774881.0
2024-11-27,35.06,35.05,35.06,534931.0
2024-11-29,32.66,32.65,32.66,450353.0
2024-12-02,41.98,41.97,41.98,2192887.0
2024-12-03,40.2,40.19,40.2,1613333.0
2024-12-04,41.82,41.81,41.83,828601.0
2024-12-05,41.14,41.14,41.15,492286.0
2024-12-06,43.95,43.95,43.96,813642.0
2024-12-09,44.17,44.16,44.17,783910.0
2024-12-10,40.53,40.53,40.54,668873.0
2024-12-11,38.28,38.28,38.29,638495.0
2024-12-12,37.92,37.92,37.93,329150.0
2024-12-13,36.47,36.46,36.47,464255.0
2024-12-16,33.44,33.43,33.44,647480.0
2024-12-17,33.8,33.79,33.8,334048.0
2024-12-18,32.23,32.23,32.24,385996.0
2024-12-19,31.25,31.24,31.25,321841.0
2024-12-20,31.48,31.47,31.48,353084.0
2024-12-23,32.41,32.4,32.42,200432.0
2024-12-24,34.31,34.31,34.32,343337.0
2024-12-26,33.76,33.75,33.76,224333.0
2024-12-27,32.0,31.99,32.0,268514.0
2024-12-30,30.68,30.67,30.68,254510.0
2024-12-31,30.5,30.49,30.5,226562.0
2025-01-02,30.08,30.07,30.09,193895.0
2025-01-03,33.32,33.31,33.33,279480.0
2025-01-06,36.48,36.47,36.48,456630.0
2025-01-07,34.41,34.4,34.41,253355.0
2025-01-08,32.63,32.62,32.63,199720.0
2025-01-10,32.58,32.57,32.58,245094.0
2025-01-13,31.08,31.07,31.08,277016.0
2025-01-14,30.53,30.52,30.53,179141.0
2025-01-15,31.01,31.0,31.01,208239.0
2025-01-16,31.13,31.12,31.13,207728.0
2025-01-17,30.83,30.82,30.83,193976.0
2025-01-21,32.44,32.43,32.44,317894.0
2025-01-22,33.84,33.84,33.85,350423.0
2025-01-23,33.44,33.43,33.44,163882.0
2025-01-24,33.27,33.26,33.27,271456.0
